Workbook

Sheet Indicadores Censos
A1: Freguesias | B1: ID | C1: Date | D1: Total Alojamentos Classicos Arrendamento | E1: Contrato com prazo certo | F1: Contrato de duração indeterminada | G1: Total Alojamentos Clássicos | H1: População Desempregada | I1: Pop_Total | J1: Pop_menor15 | K1: Pop_ativa | L1: pop_mais_65 | M1: Proporção da população residente com ensino superior completo (%) | N1: Solteiro | O1: Casado | P1: Viúvo | Q1: Divorciado
A2: Ajuda | B2: 110601 | C2: 44561 | D2: 3219 | E2: 1563 | F2: 1656 | G2: 6549 | H2: 669 | I2: 14306 | J2: 1796 | K2: 8591 | L2: 3919 | M2: 28.3 | N2: 7135 | O2: 4473 | P2: 1429 | Q2: 1269
A3: Alcântara | B3: 110602 | C3: 44561 | D3: 3487 | E3: 1872 | F3: 1615 | G3: 6668 | H3: 637 | I3: 13850 | J3: 1774 | K3: 8735 | L3: 3341 | M3: 40.31 | N3: 7218 | O3: 4189 | P3: 1091 | Q3: 1352
A4: Alvalade | B4: 110654 | C4: 44561 | D4: 5791 | E4: 3409 | F4: 2382 | G4: 14765 | H4: 961 | I4: 33309 | J4: 4639 | K4: 20433 | L4: 8237 | M4: 56.03 | N4: 17032 | O4: 10229 | P4: 2732 | Q4: 3316
A5: Areeiro | B5: 110655 | C5: 44561 | D5: 3788 | E5: 2178 | F5: 1610 | G5: 9452 | H5: 760 | I5: 21160 | J5: 2779 | K5: 13319 | L5: 5062 | M5: 55.88 | N5: 10605 | O5: 6878 | P5: 1566 | Q5: 2111
A6: Arroios | B6: 110656 | C6: 44561 | D6: 7674 | E6: 4643 | F6: 3031 | G6: 15025 | H6: 1440 | I6: 33302 | J6: 3456 | K6: 23171 | L6: 6675 | M6: 46.49 | N6: 18795 | O6: 9485 | P6: 2084 | Q6: 2938
A7: Avenidas Novas | B7: 110657 | C7: 44561 | D7: 4488 | E7: 2686 | F7: 1802 | G7: 10432 | H7: 660 | I7: 23261 | J7: 3047 | K7: 14756 | L7: 5458 | M7: 61.13 | N7: 12011 | O7: 7348 | P7: 1618 | Q7: 2284
A8: Beato | B8: 110607 | C8: 44561 | D8: 2987 | E8: 1434 | F8: 1553 | G8: 5713 | H8: 732 | I8: 12183 | J8: 1351 | K8: 7690 | L8: 3142 | M8: 26.08 | N8: 6258 | O8: 3739 | P8: 1056 | Q8: 1130
A9: Belém | B9: 110658 | C9: 44561 | D9: 2294 | E9: 1343 | F9: 951 | G9: 7154 | H9: 428 | I9: 16546 | J9: 2468 | K9: 9687 | L9: 4391 | M9: 56.95 | N9: 7747 | O9: 5951 | P9: 1246 | Q9: 1602
A10: Benfica | B10: 110608 | C10: 44561 | D10: 5877 | E10: 2954 | F10: 2923 | G10: 16488 | H10: 1221 | I10: 35362 | J10: 4101 | K10: 20786 | L10: 10475 | M10: 40.47 | N10: 16931 | O10: 11798 | P10: 3170 | Q10: 3463
A11: Campo de Ourique | B11: 110659 | C11: 44561 | D11: 5480 | E11: 3087 | F11: 2393 | G11: 10370 | H11: 757 | I11: 22140 | J11: 3156 | K11: 13554 | L11: 5430 | M11: 47.01 | N11: 11461 | O11: 6705 | P11: 1788 | Q11: 2186
A12: Campolide | B12: 110610 | C12: 44561 | D12: 3141 | E12: 1491 | F12: 1650 | G12: 6636 | H12: 629 | I12: 14787 | J12: 1702 | K12: 9490 | L12: 3595 | M12: 36.34 | N12: 7768 | O12: 4389 | P12: 1234 | Q12: 1396
A13: Carnide | B13: 110611 | C13: 44561 | D13: 2601 | E13: 984 | F13: 1617 | G13: 7430 | H13: 718 | I13: 18028 | J13: 2462 | K13: 11297 | L13: 4269 | M13: 42.31 | N13: 9188 | O13: 5924 | P13: 1274 | Q13: 1642
... A25: São Vicente | B25: 110667 | C25: 44561 | D25: 4121 | E25: 2367 | F25: 1754 | G25: 6928 | H25: 732 | I25: 13956 | J25: 1433 | K25: 9213 | L25: 3310 | M25: 35.05 | N25: 7673 | O25: 3912 | P25: 1193 | Q25: 1178

Sheet Indicadores_p_ano
A1: Freguesia | B1: ID | C1: 2023 | D1: 2022 | E1: 2021 | F1: 2020
A2: Ajuda | B2: =VLOOKUP(Indicadores_p_ano!A2,Freguesias!A$2:B$25,2,FALSE) -> 110601 | C2: 23406 | D2: 22264 | E2: 21475 | F2: 20836
A3: Alcântara | B3: =VLOOKUP(Indicadores_p_ano!A3,Freguesias!A$2:B$25,2,FALSE) -> 110602 | C3: 25697 | D3: 24819 | E3: 23943 | F3: 23021
A4: Alvalade | B4: =VLOOKUP(Indicadores_p_ano!A4,Freguesias!A$2:B$25,2,FALSE) -> 110654 | C4: 38343 | D4: 36960 | E4: 35299 | F4: 34258
A5: Areeiro | B5: =VLOOKUP(Indicadores_p_ano!A5,Freguesias!A$2:B$25,2,FALSE) -> 110655 | C5: 37245 | D5: 36207 | E5: 35894 | F5: 34194
A6: Arroios | B6: =VLOOKUP(Indicadores_p_ano!A6,Freguesias!A$2:B$25,2,FALSE) -> 110656 | C6: 22626 | D6: 22154 | E6: 21616 | F6: 20671
A7: Avenidas Novas | B7: =VLOOKUP(Indicadores_p_ano!A7,Freguesias!A$2:B$25,2,FALSE) -> 110657 | C7: 41977 | D7: 41344 | E7: 40289 | F7: 38823
A8: Beato | B8: =VLOOKUP(Indicadores_p_ano!A8,Freguesias!A$2:B$25,2,FALSE) -> 110607 | C8: 19247 | D8: 18661 | E8: 18249 | F8: 17835
A9: Belém | B9: =VLOOKUP(Indicadores_p_ano!A9,Freguesias!A$2:B$25,2,FALSE) -> 110658 | C9: 48168 | D9: 46679 | E9: 44795 | F9: 42153
A10: Benfica | B10: =VLOOKUP(Indicadores_p_ano!A10,Freguesias!A$2:B$25,2,FALSE) -> 110608 | C10: 29623 | D10: 28454 | E10: 27263 | F10: 26446
A11: Campo de Ourique | B11: =VLOOKUP(Indicadores_p_ano!A11,Freguesias!A$2:B$25,2,FALSE) -> 110659 | C11: 32342 | D11: 31887 | E11: 30757 | F11: 29784
A12: Campolide | B12: =VLOOKUP(Indicadores_p_ano!A12,Freguesias!A$2:B$25,2,FALSE) -> 110610 | C12: 27760 | D12: 26971 | E12: 26601 | F12: 26246
A13: Carnide | B13: =VLOOKUP(Indicadores_p_ano!A13,Freguesias!A$2:B$25,2,FALSE) -> 110611 | C13: 34937 | D13: 33242 | E13: 31845 | F13: 31387
... A25: São Vicente | B25: =VLOOKUP(Indicadores_p_ano!A25,Freguesias!A$2:B$25,2,FALSE) -> 110667 | C25: 20344 | D25: 19996 | E25: 19382 | F25: 18456

Sheet Indicadores estaticos

Sheet AirBNB

Sheet Freguesias
A1: Freguesias | B1: ID | C1: Ind
A2: Ajuda | B2: 110601 | C2: 0
A3: Alcântara | B3: 110602 | C3: 0
A4: Alvalade | B4: 110654 | C4: 1
A5: Areeiro | B5: 110655 | C5: 1
A6: Arroios | B6: 110656 | C6: 1
A7: Avenidas Novas | B7: 110657 | C7: 1
A8: Beato | B8: 110607 | C8: 0
A9: Belém | B9: 110658 | C9: 0
A10: Benfica | B10: 110608 | C10: 0
A11: Campo de Ourique | B11: 110659 | C11: 1
A12: Campolide | B12: 110610 | C12: 1
A13: Carnide | B13: 110611 | C13: 0
... A25: São Vicente | B25: 110667 | C25: 1

Sheet Mediana Rendas por mês
A1: Freguesia | B1: ID | C1: Mês | D1: Preço m2
A2: Lumiar | B2: 110618 | C2: 45962 | D2: 16,5 €/m2
A3: Lumiar | B3: 110618 | C3: 45931 | D3: 16,5 €/m2
A4: Lumiar | B4: 110618 | C4: 45901 | D4: 16,3 €/m2
A5: Lumiar | B5: 110618 | C5: 45870 | D5: 16,3 €/m2
A6: Lumiar | B6: 110618 | C6: 45839 | D6: 16,3 €/m2
A7: Lumiar | B7: 110618 | C7: 45809 | D7: 16,3 €/m2
A8: Lumiar | B8: 110618 | C8: 45778 | D8: 16,3 €/m2
A9: Lumiar | B9: 110618 | C9: 45748 | D9: 16,3 €/m2
A10: Lumiar | B10: 110618 | C10: 45717 | D10: 16,1 €/m2
A11: Lumiar | B11: 110618 | C11: 45689 | D11: 16,1 €/m2
A12: Lumiar | B12: 110618 | C12: 45658 | D12: 16,1 €/m2
A13: Lumiar | B13: 110618 | C13: 45627 | D13: 16,0 €/m2
... A995: São Vicente | B995: 110667 | C995: 43831 | D995: 15,6 €/m2
